DatasetName,MeanSkewnessOfNumericAtts,MeanKurtosisOfNumericAtts,MeanStdDevOfNumericAtts,MeanMeansOfNumericAtts,NumAttributes,Dimensionality,PercentageOfBinaryAtts,PercentageOfNominalAtts,NumNominalAtts,PercentageOfNumericAtts,NumNumericAtts,NumBinaryAtts,ClassCount,NegativePercentage,PositivePercentage,DefaultAccuracy,IncompleteInstanceCount,InstanceCount,NumMissingValues,PercentageOfMissingValues,MeanNominalAttDistinctValues,StdvNominalAttDistinctValues,MinNominalAttDistinctValues,MaxNominalAttDistinctValues,ClassEntropy,MeanMutualInformation,NoiseToSignalRatio,MeanAttributeEntropy,EquivalentNumberOfAtts,Algorithm(s),,,,,,,,,,,,,,,,,,,,,,,,,,,,,,,,,
abalone.arff,0.620071735,11.01515842,0.174618389,0.38270341,9,0.002154656,0,0.111111111,1,0.777777778,7,0,3,0.346420876,0.316734498,0.346420876,0,4177,0,0,3,0,3,3,1.583963615,0.196642727,7.042555503,1.581510048,8.055032787,trees.FT(1): trees.RandomForest(1): trees.LADTree(2),,,,,,,,,,,,,,,,,,,,,,,,,,,,,,,,,
abe_148.arff,-0.727777384,8.382742312,68.41311525,28.97860606,6,0.090909091,0,0,0,0.833333333,5,0,2,0.5,0.5,0.5,0,66,0,0,-1,-1,-1,-1,1,-1,-1,-1,-1,trees.RandomForest(1): trees.FT(2): trees.J48(2),,,,,,,,,,,,,,,,,,,,,,,,,,,,,,,,,
acute-inflammations.arff,0.110633256,-1.544895427,1.819132485,38.72416667,7,0.058333333,0.714285714,0.714285714,5,0.142857143,1,5,2,0.583333333,0.416666667,0.583333333,0,120,0,0,2,0,2,2,0.979868757,0.199196539,3.694493094,0.935126777,4.91910533,trees.BFTree(1): trees.FT(1): trees.J48(1),,,,,,,,,,,,,,,,,,,,,,,,,,,,,,,,,
ada_agnostic.arff,7.149790619,257.7275267,14.34558909,34.15561523,49,0.010740903,0,0,0,0.979591837,48,0,2,0.751863218,0.248136782,0.751863218,0,4562,0,0,-1,-1,-1,-1,0.808311616,-1,-1,-1,-1,trees.BFTree(1): trees.RandomForest(1):trees.SimpleCart(1),,,,,,,,,,,,,,,,,,,,,,,,,,,,,,,,,
ada_prior.arff,2.83062738,24.60191246,19481.16675,32078.84787,15,0.003288032,0.066666667,0.533333333,8,0.4,6,1,2,0.751863218,0.248136782,0.751863218,88,4562,88,0.001285986,12,11.85628224,2,39,0.808311616,0.071421704,24.06283318,1.790030246,11.31745077,trees.BFTree(1): trees.SimpleCart(2): trees.J48(3),,,,,,,,,,,,,,,,,,,,,,,,,,,,,,,,,
adult- 4000.arff,2.906601633,26.54760795,18468.48065,31456.75521,15,0.003766006,0.066666667,0.533333333,8,0.4,6,1,2,0.75445644,0.24554356,0.75445644,0,3983,0,0,12.375,12.45491871,2,41,0.804138124,0.073931075,-14.52611197,-1,10.8768623,trees.LADTree(1): trees.BFTree(2): trees.J48(2),,,,,,,,,,,,,,,,,,,,,,,,,,,,,,,,,
adult- 80000.arff,3.042722861,28.98598117,19144.64041,31923.03579,15,0.001875,0.066666667,0.533333333,8,0.4,6,1,2,0.757,0.243,0.757,0,8000,0,0,12.375,12.45491871,2,41,0.799993682,0.070821224,-15.12006095,-1,11.29595955,trees.LADTree(1): trees.BFTree(1): trees.J48(1),,,,,,,,,,,,,,,,,,,,,,,,,,,,,,,,,
ailerons - 5840.arff,-0.847927221,599.7041668,7.613021238,-0.894593205,41,0.007075065,0,0,0,0.975609756,40,0,2,0.589473684,0.410526316,0.589473684,0,5795,0,0,-1,-1,-1,-1,0.976776007,-1,-1,-1,-1,trees.BFTree(1): trees.FT(1): trees.J48graft(1),,,,,,,,,,,,,,,,,,,,,,,,,,,,,,,,,
analcatdata_aids.arff,2.092799613,3.876245947,3194304.487,2216203.82,5,0.1,0,0.4,2,0.4,2,0,2,0.5,0.5,0.5,0,50,0,0,5,0,5,5,1,-3.89E-16,-1,2.321928095,-1,trees.LADTree(1): trees.BFTree(2): trees.J48(2),,,,,,,,,,,,,,,,,,,,,,,,,,,,,,,,,
analcatdata_apnea1.arff,0,-1.210442105,5.483000195,10,4,0.008421053,0,0.5,2,0.25,1,0,2,0.871578947,0.128421053,0.871578947,0,475,0,0,5,0,5,5,0.55309196,0.125235069,17.54055835,2.321928095,4.416430371,trees.J48(1): trees.J48graft(1): trees.LADTree(1),,,,,,,,,,,,,,,,,,,,,,,,,,,,,,,,,
analcatdata_apnea2.arff,0,-1.210442105,5.483000195,10,4,0.008421053,0,0.5,2,0.25,1,0,2,0.865263158,0.134736842,0.865263158,0,475,0,0,5,0,5,5,0.570287337,0.150776473,14.39980375,2.321928095,3.782336366,trees.FT(1): trees.SimpleCart(1): trees.BFTree(2),,,,,,,,,,,,,,,,,,,,,,,,,,,,,,,,,
analcatdata_asbestos_ciupdated.arff,0.024478072,-1.259518101,75.88386234,147.0722892,4,0.048192771,0.25,0.5,2,0.25,1,1,2,0.554216867,0.445783133,0.554216867,0,83,0,0,2.5,0.707106781,2,3,0.991501787,0.218964545,4.158970833,1.129631701,4.528138504,trees.FT(1): trees.RandomForest(2): trees.RandomTree(3),,,,,,,,,,,,,,,,,,,,,,,,,,,,,,,,,
analcatdata_authorship.arff,1.112051215,2.331653951,5.356526084,10.12524206,71,0.084423306,0,0,0,0.985915493,70,0,4,0.376932224,0.065398335,0.376932224,0,841,0,0,-1,-1,-1,-1,1.787416049,-1,-1,-1,-1,trees.FT(1):trees.RandomForest (1): trees.LADTree(2),,,,,,,,,,,,,,,,,,,,,,,,,,,,,,,,,
analcatdata_bankruptcy.arff,0.067144872,7.300511106,37.44842488,-2.588352,7,0.14,0,0.142857143,1,0.714285714,5,0,2,0.5,0.5,0.5,0,50,0,0,50,0,50,50,1,1,4.64385619,5.64385619,1,trees.FT(1): trees.RandomForest(2): trees.LADTree(3),,,,,,,,,,,,,,,,,,,,,,,,,,,,,,,,,
analcatdata_birthday.arff,-0.329629415,-0.700437487,817.8820871,9132.161644,4,0.010958904,0,0.5,2,0.25,1,0,2,0.854794521,0.145205479,0.854794521,30,365,30,0.020547945,21,14.14213562,11,31,0.597710801,0.009934041,420.1051841,4.183275992,60.16794428,trees.BFTree(1): trees.FT(2): trees.SimpleCart(3),,,,,,,,,,,,,,,,,,,,,,,,,,,,,,,,,
analcatdata_bondrate.arff,1.237260401,3.343785635,788385.2173,607880.1765,12,0.210526316,0.083333333,0.583333333,7,0.333333333,4,1,5,0.578947368,0.01754386,0.578947368,1,57,1,0.001461988,13,19.62990915,2,57,1.681943147,0.471993643,4.305305304,2.504070377,3.563486865,trees.RandomForest(1): trees.BFTree(2): trees.REPTree(2),,,,,,,,,,,,,,,,,,,,,,,,,,,,,,,,,
analcatdata_boxing1.arff,0,0,0,0,4,0.033333333,0.25,0.75,3,0,0,1,2,0.65,0.35,0.65,0,120,0,0,8,5.291502622,2,12,0.934068055,0.190564259,12.62301886,2.596060498,4.901590985,trees.J48(1): trees.J48graft(1): trees.FT(2): trees.LADTree(3),,,,,,,,,,,,,,,,,,,,,,,,,,,,,,,,,
analcatdata_boxing2.arff,0,0,0,0,4,0.03030303,0.25,0.75,3,0,0,1,2,0.537878788,0.462121212,0.537878788,0,132,0,0,8.333333333,5.507570547,2,12,0.995856066,0.155210319,15.94420214,2.629915019,6.416171761,trees.REPTree(1): trees.SimpleCart(2): trees.J48(3),,,,,,,,,,,,,,,,,,,,,,,,,,,,,,,,,
analcatdata_braziltourism.arff,1.10914327,5.217279021,227.4785941,297.9299019,9,0.02184466,0.111111111,0.444444444,4,0.444444444,4,1,7,0.77184466,0.002427184,0.77184466,49,412,96,0.025889968,4.25,2.217355783,2,7,1.112087811,0.079978559,16.0337887,1.362337873,13.90482431,trees.LADTree(1): trees.RandomForest(2): trees.BFTree3),,,,,,,,,,,,,,,,,,,,,,,,,,,,,,,,,
analcatdata_broadway.arff,-0.074502453,-1.157437464,7.107868057,27.33450903,10,0.105263158,0.1,0.6,6,0.3,3,1,5,0.715789474,0.010526316,0.715789474,6,95,9,0.009473684,19.33333333,37.1088489,2,95,1.327171726,0.569682894,3.011519379,2.285293969,2.329667504,trees.FT(1): trees.J48(1): trees.J48graft(1): trees.LADTree(1),,,,,,,,,,,,,,,,,,,,,,,,,,,,,,,,,
analcatdata_broadwaymult.arff,-0.074787372,-1.143917862,7.081738683,27.33450903,8,0.028070175,0.125,0.5,4,0.375,3,1,7,0.414035088,0.073684211,0.414035088,18,285,27,0.011842105,25.75,46.16907334,2,95,2.475263409,0.482111735,4.395481357,2.601224879,5.134211073,trees.FT(1): trees.LADTree(2): trees.J48(3),,,,,,,,,,,,,,,,,,,,,,,,,,,,,,,,,
analcatdata_chall101.arff,-0.608060971,-0.038449226,6.927103777,69.56521739,3,0.02173913,0,0.333333333,1,0.333333333,1,0,2,0.934782609,0.065217391,0.934782609,0,138,0,0,3,0,3,3,0.347816914,0.017817575,67.15154567,1.214295263,19.52100201,trees.BFTree(1): trees.FT: trees.J48,,,,,,,,,,,,,,,,,,,,,,,,,,,,,,,,,
analcatdata_challenger.arff,-0.596861836,-0.146535021,7.057079533,69.56521739,6,0.260869565,0,0.666666667,4,0.166666667,1,0,2,0.565217391,0.434782609,0.565217391,0,23,0,0,7.5,10.37625494,1,23,0.987692509,0.323262364,4.326236326,1.721771745,3.055389737,trees.J48(1): trees.J48graft(1): trees.RandomForest(2),,,,,,,,,,,,,,,,,,,,,,,,,,,,,,,,,
analcatdata_chlamydia.arff,0,0,0,0,4,0.04,0.25,0.75,3,0,0,1,2,0.81,0.19,0.81,0,100,0,0,5.666666667,4.041451884,2,10,0.70147146,0.15481269,13.30514989,2.21461873,4.531097945,trees.FT(1): trees.SimpleCart(2): trees.BFTree(3),,,,,,,,,,,,,,,,,,,,,,,,,,,,,,,,,
analcatdata_creditscore.arff,1.900877972,5.885916257,101.2340594,74.82413333,7,0.07,0.285714286,0.428571429,3,0.428571429,3,2,2,0.73,0.27,0.73,0,100,0,0,3.333333333,2.309401077,2,6,0.841464636,0.050674474,13.68492885,0.744151044,16.60529594,trees.BFTree(1): trees.FT(1): trees.J48(1),,,,,,,,,,,,,,,,,,,,,,,,,,,,,,,,,
analcatdata_currency.arff,0.628733463,-0.351642326,10.52461937,14.48064516,4,0.129032258,0,0.5,2,0.25,1,0,7,0.290322581,0.064516129,0.290322581,0,31,0,0,17,19.79898987,3,31,2.618595407,1.640707901,0.881679226,3.087285974,1.596015602,trees.J48(1): trees.J48graft(1): trees.RandomForest(1),,,,,,,,,,,,,,,,,,,,,,,,,,,,,,,,,
analcatdata_cyyoung8092.arff,-0.019902791,-0.767928406,25.5094476,332.025458,11,0.113402062,0.181818182,0.272727273,3,0.636363636,7,2,2,0.75257732,0.24742268,0.75257732,0,97,0,0,22,34.64101615,2,62,0.807167555,0.253209134,9.145335803,2.56889169,3.187750551,trees.FT(1): trees.J48(2): trees.J48graft(2),,,,,,,,,,,,,,,,,,,,,,,,,,,,,,,,,
analcatdata_cyyoung9302.arff,-0.088941563,-0.943337136,33.43141613,57.84371025,11,0.119565217,0.181818182,0.363636364,4,0.545454545,6,2,2,0.793478261,0.206521739,0.793478261,0,92,0,0,18,27.5317998,2,59,0.734781352,0.175433837,14.33985878,2.691130289,4.188367328,trees.FT(1): trees.RandomForest(2): trees.SimpleCart(2),,,,,,,,,,,,,,,,,,,,,,,,,,,,,,,,,
analcatdata_dmft.arff,0,0,0,0,5,0.006273526,0.2,0.8,4,0,0,1,6,0.194479297,0.154328733,0.194479297,0,797,0,0,5.25,3.304037934,2,9,2.580259208,0.041870866,47.1713299,2.016975283,61.62421452,trees.J48(1): trees.J48graft(1): trees.RandomForest(1),,,,,,,,,,,,,,,,,,,,,,,,,,,,,,,,,
analcatdata_donner.arff,0,0,0,0,4,0.142857143,0.25,0.75,3,0,0,1,2,0.5,0.5,0.5,0,28,0,0,5.666666667,3.214550254,2,8,1,0.08724959,24.24654608,2.202750788,11.46137195,trees.RandomTree(1): trees.REPTree(2): trees.BFTree(3),,,,,,,,,,,,,,,,,,,,,,,,,,,,,,,,,
analcatdata_draft.arff,0,-1.204940424,105.7031132,183.3333333,6,0.016393443,0,0.333333333,2,0.5,3,0,2,0.912568306,0.087431694,0.912568306,1,366,1,4.55E-04,12,0,12,12,0.427838544,0.037425007,94.78187122,3.584637216,11.43188944,trees.BFTree(1): trees.FT(1): trees.J48(1),,,,,,,,,,,,,,,,,,,,,,,,,,,,,,,,,
analcatdata_election2000.arff,3.833909832,19.89004037,27710.01648,18328.4968,16,0.23880597,0,0.0625,1,0.875,14,0,2,0.731343284,0.268656716,0.731343284,0,67,0,0,67,0,67,67,0.839530498,0.839530498,6.225573346,6.06608919,1,trees.FT(1): trees.LADTree(2): trees.RandomForest(3),,,,,,,,,,,,,,,,,,,,,,,,,,,,,,,,,
analcatdata_esr.arff,1.0196738,1.375402102,2.610207096,19.2225,3,0.09375,0,0,0,0.666666667,2,0,2,0.8125,0.1875,0.8125,0,32,0,0,-1,-1,-1,-1,0.69621226,-1,-1,-1,-1,trees.J48(1): trees.J48graft(1): trees.RandomForest(2),,,,,,,,,,,,,,,,,,,,,,,,,,,,,,,,,
analcatdata_famufsu.arff,0.279198837,-1.729328576,66.96464542,81.42857143,4,0.285714286,0,0.5,2,0.25,1,0,2,0.5,0.5,0.5,0,14,0,0,8.5,2.121320344,7,10,1,0.5,5.043281273,3.021640636,2,trees.J48(1): trees.J48graft(1): trees.LADTree(1),,,,,,,,,,,,,,,,,,,,,,,,,,,,,,,,,
analcatdata_fraud.arff,0,0,0,0,12,0.285714286,0.833333333,0.916666667,11,0,0,10,2,0.69047619,0.30952381,0.69047619,0,42,0,0,2.636363636,2.110579412,2,9,0.892623013,0.058730235,13.77795946,0.867913027,15.19869652,trees.SimpleCart(1): trees.BFTree(2): trees.RandomForest(3),,,,,,,,,,,,,,,,,,,,,,,,,,,,,,,,,
analcatdata_germangss.arff,3.205712555,11.73583837,30.02568648,15.0975,6,0.015,0.333333333,0.666666667,4,0.166666667,1,2,4,0.25,0.25,0.25,0,400,0,0,3.5,1.732050808,2,5,2,2.78E-16,5.98E+15,1.660964047,7.21E+15,trees.LADTree(1): trees.SimpleCart(2): trees.FT(3),,,,,,,,,,,,,,,,,,,,,,,,,,,,,,,,,
analcatdata_gsssexsurvey.arff,1.246030269,2.761819673,4310.517902,6153.014675,10,0.062893082,0.5,0.5,5,0.4,4,5,5,0.779874214,0.012578616,0.779874214,6,159,6,0.003773585,2,0,2,2,1.067869351,0.034148451,15.3215153,0.557354465,31.2713848,trees.J48(1): trees.J48graft(1): trees.FT(2),,,,,,,,,,,,,,,,,,,,,,,,,,,,,,,,,
analcatdata_gviolence.arff,1.008343434,2.139339267,105.8857381,926.3952703,10,0.135135135,0,0.1,1,0.8,8,0,2,0.581081081,0.418918919,0.581081081,0,74,0,0,74,0,74,74,0.980947013,0.980947013,5.330059913,6.209453366,1,trees.RandomForest(1): trees.FT(2): trees.J48(2),,,,,,,,,,,,,,,,,,,,,,,,,,,,,,,,,
analcatdata_halloffame.arff,0.832342506,2.124916493,324.9296679,637.4240551,18,0.013432836,0,0.111111111,2,0.833333333,15,0,3,0.906716418,0.042537313,0.906716418,20,1340,20,8.29E-04,673,941.8662325,7,1339,0.540097859,0.275452267,22.25664936,6.4060968,1.960767519,trees.FT(1): trees.J48(2): trees.J48graft(2),,,,,,,,,,,,,,,,,,,,,,,,,,,,,,,,,
analcatdata_happiness.arff,1.032462048,0.192191425,23.60988852,25.28333333,4,0.066666667,0,0.5,2,0.25,1,0,3,0.333333333,0.333333333,0.333333333,0,60,0,0,4.5,0.707106781,4,5,1.584962501,-3.89E-16,-1,2.160964047,-1,trees.SimpleCart(1): trees.FT(2): trees.BFTree(3),,,,,,,,,,,,,,,,,,,,,,,,,,,,,,,,,
analcatdata_homerun.arff,0.330683782,-0.586638887,19.25047595,33.49548762,28,0.171779141,0.25,0.5,14,0.464285714,13,7,2,0.944785276,0.055214724,0.938650307,1,163,9,0.001971954,3.571428571,2.027286391,2,7,0.308148692,0.013413252,95.27330888,1.291338172,22.97345101,trees.BFTree(1): trees.FT(1): trees.J48(1),,,,,,,,,,,,,,,,,,,,,,,,,,,,,,,,,
analcatdata_impeach.arff,-0.087513399,-0.973100195,22.10221065,47.285,11,0.11,0.363636364,0.727272727,8,0.181818182,2,4,2,0.62,0.38,0.62,0,100,0,0,20.5,36.19786892,2,100,0.958042022,0.275867373,7.632146126,2.381327476,3.472835556,trees.RandomForest(1): trees.FT(2): trees.LADTree(3),,,,,,,,,,,,,,,,,,,,,,,,,,,,,,,,,
analcatdata_japansolvent.arff,-1.823381822,7.801894116,0.492359995,0.142318029,10,0.192307692,0,0.1,1,0.8,8,0,2,0.519230769,0.480769231,0.519230769,0,52,0,0,52,0,52,52,0.998932655,0.998932655,4.706530557,5.700439718,1,trees.FT(1): trees.RandomForest(2): trees.LADTree(3),,,,,,,,,,,,,,,,,,,,,,,,,,,,,,,,,
analcatdata_lawsuit.arff,-0.070679385,0.320258116,8.88040691,22.79069444,5,0.018939394,0.2,0.2,1,0.6,3,1,2,0.928030303,0.071969697,0.928030303,0,264,0,0,2,0,2,2,0.373231552,0.041773786,21.70978735,0.948673807,8.934587544,trees.FT(1): trees.LADTree(1): trees.RandomTree(1),,,,,,,,,,,,,,,,,,,,,,,,,,,,,,,,,
analcatdata_marketing.arff,0,0,0,0,33,0.095100865,0,0.96969697,32,0,0,0,5,0.334293948,0.09221902,0.334293948,35,347,79,0.006898961,4.9375,0.353553391,3,5,2.211452072,0.040382649,45.93738328,1.895455861,54.76243242,trees.RandomForest(1): trees.FT(2): trees.J48(3),,,,,,,,,,,,,,,,,,,,,,,,,,,,,,,,,
analcatdata_michiganacc.arff,0.200107208,-1.012046447,17.03395504,32.86203704,5,0.046296296,0,0.4,2,0.4,2,0,2,0.555555556,0.444444444,0.555555556,0,108,0,0,8,5.656854249,4,12,0.99107606,0.122288439,21.83520243,2.79248125,8.104413394,trees.RandomTree(1): trees.SimpleCart(3): trees.BFTree(2),,,,,,,,,,,,,,,,,,,,,,,,,,,,,,,,,
analcatdata_ncaa.arff,1.623291622,5.589352723,5.303877679,5.75,20,0.166666667,0.05,0.75,15,0.2,4,1,2,0.875,0.125,0.875,0,120,0,0,2.933333333,0.25819889,2,3,0.543564443,0.015311203,40.34047196,0.632972372,35.50109232,trees.BFTree(1): trees.FT(1): trees.J48(1),,,,,,,,,,,,,,,,,,,,,,,,,,,,,,,,,
analcatdata_neavote.arff,0.107677017,-1.875268462,3.9678506,5.56,4,0.04,0,0.5,2,0.25,1,0,2,0.93,0.07,0.93,0,100,0,0,51,67.88225099,3,99,0.365923651,0.19545191,18.66913303,3.844369618,1.872192761,trees.BFTree(1): trees.FT(1): trees.J48(1),,,,,,,,,,,,,,,,,,,,,,,,,,,,,,,,,
analcatdata_negotiation.arff,-0.337080324,-0.286617142,14.49543217,57.52932394,6,0.065217391,0.166666667,0.166666667,1,0.666666667,4,1,2,0.717391304,0.282608696,0.717391304,17,92,26,0.047101449,2,0,2,2,0.858981037,0.007884581,125.4404223,0.996929708,108.9444162,trees.RandomForest(1): trees.FT(2): trees.J48(3),,,,,,,,,,,,,,,,,,,,,,,,,,,,,,,,,
analcatdata_olympic2000.arff,2.275259357,7.858746776,122247.869,45455.77048,13,0.196969697,0,0.076923077,1,0.846153846,11,0,2,0.5,0.5,0.5,0,66,0,0,66,0,66,66,1,1,5.044394119,6.044394119,1,trees.FT(1): trees.LADTree(1): trees.J48(2),,,,,,,,,,,,,,,,,,,,,,,,,,,,,,,,,
analcatdata_reviewer.arff,0,0,0,0,9,0.023746702,0,0.888888889,8,0,0,0,2,0.569920844,0.430079156,0.569920844,367,379,1368,0.401055409,50,132.9360749,3,379,0.985847205,0.138412461,14.15130689,2.097129677,7.122532155,trees.FT(1): trees.LADTree(2): trees.J48(3),,,,,,,,,,,,,,,,,,,,,,,,,,,,,,,,,
analcatdata_runshoes.arff,0.284982791,-0.569074937,13.01904884,28.79693841,11,0.183333333,0.454545455,0.545454545,6,0.363636364,4,5,2,0.6,0.4,0.6,14,60,14,0.021212121,2.5,1.224744871,2,5,0.970950594,0.04380999,18.4723043,0.853081453,22.16276694,trees.RandomForest(1): trees.SimpleCart(2): trees.J48(3),,,,,,,,,,,,,,,,,,,,,,,,,,,,,,,,,
analcatdata_supreme.arff,2.746630411,17.01411971,1.757793343,281.9487731,8,0.001974334,0,0,0,0.875,7,0,2,0.760365252,0.239634748,0.760365252,0,4052,0,0,-1,-1,-1,-1,0.794432351,-1,-1,-1,-1,trees.BFTree(1): trees.FT(1): trees.J48(1),,,,,,,,,,,,,,,,,,,,,,,,,,,,,,,,,
analcatdata_uktrainacc.arff,1.011988754,1.209913834,4.935409412,8.878730511,17,0.548387097,0,0,0,0.941176471,16,0,2,0.870967742,0.129032258,0.870967742,25,31,150,0.284629981,-1,-1,-1,-1,0.554778163,-1,-1,-1,-1,trees.J48(1): trees.BFTree(2): trees.SimpleCart(2),,,,,,,,,,,,,,,,,,,,,,,,,,,,,,,,,
analcatdata_votesurvey.arff,1.177057167,1.635766192,21206.40839,59779.89583,5,0.104166667,0.2,0.2,1,0.6,3,1,4,0.375,0.104166667,0.375,0,48,0,0,2,0,2,2,1.866401451,0.123328624,6.061332907,0.870864469,15.13356263,trees.RandomForest(1): trees.J48(2): trees.J48graft(2),,,,,,,,,,,,,,,,,,,,,,,,,,,,,,,,,
analcatdata_whale.arff,0.210987002,0.165632686,26.23766007,48.16725015,8,0.035087719,0.125,0.125,1,0.75,6,1,2,0.504385965,0.495614035,0.504385965,5,228,15,0.008223684,2,0,2,2,0.999944494,0.899966647,0.11115229,1,1.111090614,trees.LADTree(1): trees.REPTree(1): trees.SimpleCart(1),,,,,,,,,,,,,,,,,,,,,,,,,,,,,,,,,
analcatdata_wildcat.arff,1.157694471,3.506452203,78.13044712,82.04993061,6,0.036809816,0.333333333,0.333333333,2,0.5,3,2,2,0.711656442,0.288343558,0.711656442,0,163,0,0,2,0,2,2,0.866571888,0.093271137,9.383520083,0.968482726,9.290890128,trees.FT(1): trees.LADTree(2): trees.RandomForest(2),,,,,,,,,,,,,,,,,,,,,,,,,,,,,,,,,
anneal.arff,2.022468153,4.607030275,405.1732698,348.5042682,39,0.043429844,0.358974359,0.820512821,32,0.153846154,6,14,6,0.76169265,0,0.76169265,0,898,0,0,3.21875,2.059351213,2,10,-1,0.081843427,-13.21845212,-1,-12.21845212,trees.FT(1): trees.RandomForest(1): trees.RandomTree(2),,,,,,,,,,,,,,,,,,,,,,,,,,,,,,,,,
anneal.ORIG.arff,2.022468153,4.607030275,405.1732698,348.5042682,39,0.043429844,0.179487179,0.820512821,32,0.153846154,6,7,6,0.76169265,0,0.76169265,898,898,22175,0.633173434,2.3125,2.070335799,1,9,-1,0.044331969,-23.55708531,-1,-22.55708531,trees.LADTree(1): trees.RandomForest(2): trees.BFTree(3),,,,,,,,,,,,,,,,,,,,,,,,,,,,,,,,,
appendicitis.arff,0.226852281,1.179226428,0.199772012,0.417912399,8,0.075471698,0,0,0,0.875,7,0,2,0.801886792,0.198113208,0.801886792,0,106,0,0,-1,-1,-1,-1,0.718138422,-1,-1,-1,-1,trees.RandomForest(1): trees.FT(2): trees.J48graft(3),,,,,,,,,,,,,,,,,,,,,,,,,,,,,,,,,
ar1.arff,2.210987489,7.601930006,232.2809082,119.6140182,30,0.247933884,0,0,0,0.966666667,29,0,2,0.925619835,0.074380165,0.925619835,0,121,0,0,-1,-1,-1,-1,0.382060954,-1,-1,-1,-1,trees.REPTree(1): trees.SimpleCart(1): trees.J48(2),,,,,,,,,,,,,,,,,,,,,,,,,,,,,,,,,
ar3.arff,2.440192888,7.838991893,2669.015554,1335.099676,30,0.476190476,0,0,0,0.966666667,29,0,2,0.873015873,0.126984127,0.873015873,0,63,0,0,-1,-1,-1,-1,0.549108745,-1,-1,-1,-1,trees.J48graft(1): trees.RandomForest(2): trees.FT(3),,,,,,,,,,,,,,,,,,,,,,,,,,,,,,,,,
ar4.arff,3.294663048,17.28259306,1490.807532,594.8054013,30,0.280373832,0,0,0,0.966666667,29,0,2,0.813084112,0.186915888,0.813084112,0,107,0,0,-1,-1,-1,-1,0.694974967,-1,-1,-1,-1,trees.FT(1): trees.RandomForest(2): trees.LADTree(3),,,,,,,,,,,,,,,,,,,,,,,,,,,,,,,,,
ar5.arff,2.074143899,5.398154206,2137.525835,1162.289706,30,0.833333333,0,0,0,0.966666667,29,0,2,0.777777778,0.222222222,0.777777778,0,36,0,0,-1,-1,-1,-1,0.764204507,-1,-1,-1,-1,trees.BFTree(1): trees.FT(2): trees.LADTree(3),,,,,,,,,,,,,,,,,,,,,,,,,,,,,,,,,
arsenic-female-bladder.arff,3.360839281,34.45533914,60409.70023,7930.94842,5,0.008944544,0,0.2,1,0.6,3,0,2,0.856887299,0.143112701,0.856887299,0,559,0,0,43,0,43,43,0.592333003,0.149247681,35.35744772,5.426264755,3.968792007,trees.FT(1): trees.RandomForest(2): trees.RandomTree(3),,,,,,,,,,,,,,,,,,,,,,,,,,,,,,,,,
arsenic-female-lung.arff,3.360839281,34.45533914,60409.70023,7930.94842,5,0.008944544,0,0.2,1,0.6,3,0,2,0.966010733,0.033989267,0.966010733,0,559,0,0,43,0,43,43,0.21401924,0.163220253,32.24504565,5.426264755,1.311229681,trees.FT(1): trees.REPTree(1): trees.SimpleCart(1),,,,,,,,,,,,,,,,,,,,,,,,,,,,,,,,,
arsenic-male-bladder.arff,3.343803815,33.86815839,69566.87171,9034.430829,5,0.008944544,0,0.2,1,0.6,3,0,2,0.95706619,0.04293381,0.95706619,0,559,0,0,43,0,43,43,0.255585567,0.16846479,31.21008238,5.426264755,1.517145317,trees.BFTree(1): trees.FT(1): trees.LADTree(1),,,,,,,,,,,,,,,,,,,,,,,,,,,,,,,,,
arsenic-male-lung.arff,3.343803815,33.86815839,69566.87171,9034.430829,5,0.008944544,0,0.2,1,0.6,3,0,2,0.976744186,0.023255814,0.976744186,0,559,0,0,43,0,43,43,0.159350063,0.159350063,33.05247957,5.426264755,1,trees.BFTree(1): trees.FT(1): trees.LADTree(1),,,,,,,,,,,,,,,,,,,,,,,,,,,,,,,,,
audiology (binary version of audiology).arff.arff,0,0,0,0,70,0.309734513,0.871428571,0.985714286,69,0,0,61,2,0.747787611,0.252212389,0.747787611,222,226,317,0.020037927,2.231884058,0.750390634,2,6,0.814765885,0.02238773,13.20936223,0.318115372,36.39341137,trees.BFTree(1): trees.J48(1): trees.RandomForest(1),,,,,,,,,,,,,,,,,,,,,,,,,,,,,,,,,
australian.arff.arff,1.67263472,21.09755875,386.8334426,90.08558282,15,0.02173913,0,0,0,0.933333333,14,0,2,0.555072464,0.444927536,0.555072464,0,690,0,0,-1,-1,-1,-1,0.991230899,-1,-1,-1,-1,trees.RandomForest(1): trees.BFTree(2): trees.LADTree(2),,,,,,,,,,,,,,,,,,,,,,,,,,,,,,,,,
automobile.arff,0.718025733,1.063166839,464.0198869,1321.492377,26,0.163522013,0.115384615,0.384615385,10,0.576923077,15,3,6,0.301886792,0.018867925,0.301886792,0,159,0,0,6,6.110100927,2,22,2.266702675,0.274046695,-4.649013179,-1,8.271227932,trees.RandomForest(1): trees.J48(2): trees.FT(3),,,,,,,,,,,,,,,,,,,,,,,,,,,,,,,,,
autoMpg.arff,0.650894342,-0.125024872,248.0901153,820.9719952,8,0.020100503,0,0.375,3,0.5,4,0,2,0.525125628,0.474874372,0.525125628,6,398,6,0.001884422,7,5.291502622,3,13,0.998177694,0.334814736,5.581220074,2.20348946,2.98128364,trees.RandomForest(1): trees.BFTree(2): trees.FT(2),,,,,,,,,,,,,,,,,,,,,,,,,,,,,,,,,
autos.arff,0.791631896,1.274879496,606.9879338,1447.091008,26,0.126829268,0.153846154,0.384615385,10,0.576923077,15,4,7,0.326829268,0,0.326829268,46,205,59,0.011069418,6,6.110100927,2,22,-1,0.287392527,3.845559845,1.392577687,-3.479561601,trees.RandomForest(1): trees.J48(2): trees.J48graft(2),,,,,,,,,,,,,,,,,,,,,,,,,,,,,,,,,
autoUniv-au6-1000.arff,-0.045750354,-0.799104459,1354.844394,4239.04982,41,0.041,0.048780488,0.073170732,3,0.902439024,37,2,8,0.24,0.089,0.24,0,1000,0,0,2.333333333,0.577350269,2,3,2.921602662,0.005513369,215.6673218,1.194566934,529.9123944,trees.LADTree(1): trees.REPTree(2): trees.J48(3),,,,,,,,,,,,,,,,,,,,,,,,,,,,,,,,,
autoUniv-au7-1100.arff,0.062725156,-1.381384983,210.2407197,1061.532926,13,0.011818182,0.153846154,0.307692308,4,0.615384615,8,2,5,0.277272727,0.139090909,0.277272727,0,1100,0,0,2.5,0.577350269,2,3,2.280659515,0.051383364,21.57110209,1.159779161,44.38517303,trees.RandomForest(1): trees.REPTree(2): trees.J48graft(3),,,,,,,,,,,,,,,,,,,,,,,,,,,,,,,,,
autoUniv-au7-700.arff,0.006331447,-1.314341889,201.1656111,1053.522677,13,0.018571429,0.153846154,0.307692308,4,0.615384615,8,2,3,0.35,0.305714286,0.35,0,700,0,0,2.5,0.577350269,2,3,1.582416026,0.004715225,227.4330934,1.077113503,335.5971183,trees.SimpleCart(1): trees.RandomForest(2): trees.REPTree(3),,,,,,,,,,,,,,,,,,,,,,,,,,,,,,,,,
backache.arff,0.416723695,0.523188286,13.27918895,41.94409259,33,0.183333333,0.666666667,0.787878788,26,0.181818182,6,22,2,0.861111111,0.138888889,0.861111111,0,180,0,0,2.730769231,1.991134196,2,10,0.581321499,0.016126882,43.27803835,0.714066694,36.04673879,trees.RandomForest(1): trees.SimpleCart(1): trees.REPTree(2),,,,,,,,,,,,,,,,,,,,,,,,,,,,,,,,,
badges2.arff,0.905792251,0.820116533,11.58639053,22.3042602,12,0.040816327,0.25,0.25,3,0.666666667,8,3,2,0.714285714,0.285714286,0.714285714,0,294,0,0,2,0,2,2,0.863120569,0.327800254,1.342946431,0.768018435,2.633068638,trees.BFTree(1): trees.FT(1): trees.J48(1),,,,,,,,,,,,,,,,,,,,,,,,,,,,,,,,,
balance-scale.arff,0,-1.30272,1.415346293,3,5,0.008,0,0,0,0.8,4,0,3,0.4608,0.0784,0.4608,0,625,0,0,-1,-1,-1,-1,1.318116246,-1,-1,-1,-1,trees.FT(1): trees.RandomForest(2): trees.LADTree(3),,,,,,,,,,,,,,,,,,,,,,,,,,,,,,,,,
balloon.arff,-1.456712734,7.855287471,288.9785514,501.547901,3,0.00149925,0,0,0,0.666666667,2,0,2,0.75912044,0.24087956,0.75912044,0,2001,0,0,-1,-1,-1,-1,0.7964999,-1,-1,-1,-1,trees.J48(1): trees.J48graft(1): trees.RandomForest(1),,,,,,,,,,,,,,,,,,,,,,,,,,,,,,,,,
banana.arff,0.097243736,-0.845031891,0.999959195,1.67E-05,3,5.66E-04,0,0,0,0.666666667,2,0,2,0.551698113,0.448301887,0.551698113,0,5300,0,0,-1,-1,-1,-1,0.992274433,-1,-1,-1,-1,trees.FT(1): trees.J48(1): trees.J48graft(1),,,,,,,,,,,,,,,,,,,,,,,,,,,,,,,,,
bands.arff,1.019288099,21.66963835,20.91080252,129.1472833,20,0.054794521,0,0,0,0.95,19,0,2,0.630136986,0.369863014,0.630136986,0,365,0,0,-1,-1,-1,-1,0.950566853,-1,-1,-1,-1,trees.RandomForest(1): trees.J48graft(2): trees.LADTree(2),,,,,,,,,,,,,,,,,,,,,,,,,,,,,,,,,
bank32nh - 1956.arff,0.588872546,0.682205544,0.972391119,1.213289231,33,0.017205422,0,0,0,0.96969697,32,0,2,0.683003128,0.316996872,0.683003128,0,1918,0,0,-1,-1,-1,-1,0.90108572,-1,-1,-1,-1,trees.LADTree(1): trees.RandomForest(2): trees.FT(3),,,,,,,,,,,,,,,,,,,,,,,,,,,,,,,,,
bank8FM.arff,0.46929371,0.695349178,1.08274005,1.654425211,9,0.001098633,0,0,0,0.888888889,8,0,2,0.596313477,0.403686523,0.596313477,0,8192,0,0,-1,-1,-1,-1,0.973066266,-1,-1,-1,-1,trees.FT(1): trees.RandomForest(1): trees.J48graft(2),,,,,,,,,,,,,,,,,,,,,,,,,,,,,,,,,
banknote-authentication.arff,-0.119117525,0.137609004,3.780713139,0.640514743,5,0.003644315,0,0,0,0.8,4,0,2,0.555393586,0.444606414,0.555393586,0,1372,0,0,-1,-1,-1,-1,0.991128126,-1,-1,-1,-1,trees.FT(1): trees.J48(2): trees.RandomForest(2),,,,,,,,,,,,,,,,,,,,,,,,,,,,,,,,,
baskball.arff,-0.133856268,0.164472797,4.741660677,60.93006172,5,0.052083333,0,0,0,0.8,4,0,2,0.510416667,0.489583333,0.510416667,0,96,0,0,-1,-1,-1,-1,0.999686892,-1,-1,-1,-1,trees.RandomForest(1): trees.SimpleCart(2): trees.LADTree(3),,,,,,,,,,,,,,,,,,,,,,,,,,,,,,,,,
BC-breast-cancer-data.arff,0,0,0,0,10,0.034965035,0.3,0.9,9,0,0,3,2,0.702797203,0.297202797,0.702797203,9,286,9,0.003146853,5.666666667,4.472135955,2,13,0.877844695,0.033749015,-30.63049459,-1,26.01097249,trees.J48(1): trees.J48graft(1): trees.LADTree(2),,,,,,,,,,,,,,,,,,,,,,,,,,,,,,,,,
biomed.arff,1.577058547,7.138276258,4234.914878,9607.61853,9,0.043062201,0,0.111111111,1,0.777777778,7,0,2,0.641148325,0.358851675,0.641148325,15,209,15,0.007974482,7,0,7,7,0.941725863,0.024671834,62.65202963,1.570412289,38.17007989,trees.RandomForest(1): trees.LADTree(2): trees.J48(3),,,,,,,,,,,,,,,,,,,,,,,,,,,,,,,,,
blogger.arff,0,0,0,0,6,0.06,0.333333333,0.833333333,5,0,0,2,2,0.68,0.32,0.68,0,100,0,0,3,1.224744871,2,5,0.904381458,0.04914303,25.26608281,1.29079489,18.4030464,trees.FT(1): trees.RandomTree(2): trees.RandomForest(3),,,,,,,,,,,,,,,,,,,,,,,,,,,,,,,,,
blood-transfusion-service-center.arff.arff,2.257060093,10.13069883,374.5345495,356.9949866,5,0.006684492,0,0,0,0.8,4,0,2,0.762032086,0.237967914,0.762032086,0,748,0,0,-1,-1,-1,-1,0.79164463,-1,-1,-1,-1,trees.J48(1): trees.J48graft(1): trees.BFTree(2),,,,,,,,,,,,,,,,,,,,,,,,,,,,,,,,,
bodyfat.arff,0.25469399,6.586257416,6.415272137,59.03975471,15,0.05952381,0,0,0,0.933333333,14,0,2,0.507936508,0.492063492,0.507936508,0,252,0,0,-1,-1,-1,-1,0.999818247,-1,-1,-1,-1,trees.J48(1): trees.J48graft(1): trees.RandomForest(1),,,,,,,,,,,,,,,,,,,,,,,,,,,,,,,,,
bolts.arff,0.039881846,-1.043012507,9.587091401,12.96957143,8,0.2,0,0,0,0.875,7,0,2,0.65,0.35,0.65,0,40,0,0,-1,-1,-1,-1,0.934068055,-1,-1,-1,-1,trees.RandomForest(1): trees.LADTree(2): trees.FT(3),,,,,,,,,,,,,,,,,,,,,,,,,,,,,,,,,
boston.arff,0.649539922,4.255557718,30.81776408,81.94027223,14,0.027667984,0.071428571,0.142857143,2,0.785714286,11,1,2,0.586956522,0.413043478,0.586956522,0,506,0,0,5.5,4.949747468,2,9,0.978070971,0.068843014,21.51073921,1.549707139,14.20726536,trees.RandomForest(1): trees.FT(2): trees.BFTree(3),,,,,,,,,,,,,,,,,,,,,,,,,,,,,,,,,
boston_corrected.arff,0.45684451,2.748317987,112.0113483,229.7822938,21,0.041501976,0.047619048,0.142857143,3,0.80952381,17,1,2,0.559288538,0.440711462,0.559288538,0,506,0,0,34.33333333,50.06329327,2,92,0.989833574,0.258901009,10.70953591,3.03161066,3.823212503,trees.FT(1): trees.RandomForest(1): trees.LADTree(2),,,,,,,,,,,,,,,,,,,,,,,,,,,,,,,,,
breast-cancer.arff,0,0,0,0,10,0.034965035,0.3,0.9,9,0,0,3,2,0.702797203,0.297202797,0.702797203,9,286,9,0.003146853,5.666666667,4.472135955,2,13,0.877844695,0.033749015,-30.63049459,-1,26.01097249,trees.J48(1): trees.J48graft(1): trees.LADTree(2),,,,,,,,,,,,,,,,,,,,,,,,,,,,,,,,,
breastTumor.arff,-0.007075929,-0.637067068,9.723703564,50.93706294,10,0.034965035,0.4,0.8,8,0.1,1,4,2,0.58041958,0.41958042,0.58041958,9,286,9,0.003146853,4.625,5.501623137,2,18,0.98125799,0.028553359,45.53958315,1.328861425,34.36576377,trees.LADTree(1): trees.FT(2): trees.REPTree(3),,,,,,,,,,,,,,,,,,,,,,,,,,,,,,,,,
bridges_version1.arff,0.944384082,1.19081723,261.9983876,1158.444405,13,0.121495327,0.153846154,0.692307692,9,0.230769231,3,2,6,0.411214953,0.093457944,0.411214953,37,107,73,0.05248023,20.33333333,36.95605498,2,108,2.323652649,0.705688141,-2.417056546,-1,3.292747197,trees.LADTree(1): trees.FT(2): trees.J48graft(3),,,,,,,,,,,,,,,,,,,,,,,,,,,,,,,,,
bridges_version2.arff,0,0,0,0,13,0.121495327,0.153846154,0.923076923,12,0,0,2,6,0.411214953,0.093457944,0.411214953,37,107,73,0.05248023,16.16666667,32.40604134,2,108,2.323652649,0.621878969,-2.608029937,-1,3.736503023,trees.FT(1): trees.LADTree(2): trees.J48graft(3),,,,,,,,,,,,,,,,,,,,,,,,,,,,,,,,,
bupa.arff,1.678830521,6.43156857,15.8275034,42.80289855,7,0.020289855,0,0,0,0.857142857,6,0,2,0.579710145,0.420289855,0.579710145,0,345,0,0,-1,-1,-1,-1,0.981588621,-1,-1,-1,-1,trees.RandomForest(1): trees.FT(2): trees.LADTree(3),,,,,,,,,,,,,,,,,,,,,,,,,,,,,,,,,
car.arff,0,0,0,0,7,0.004050926,0,0.857142857,6,0,0,0,4,0.700231481,0.037615741,0.700231481,0,1728,0,0,3.5,0.547722558,3,4,1.20574097,0.114415682,14.6663948,1.79248125,10.53824918,trees.BFTree(1): trees.SimpleCart(1): trees.FT(2),,,,,,,,,,,,,,,,,,,,,,,,,,,,,,,,,
